 ' 'Best vibes feel blessed ' 'Excellent devotional place ' 'Beautiful divine place,0.9702
 ' 'it feels much peace visited place surrounding positive feel relax good places food stay people lives come tribe background ' 'Very Blessful,0.9169
 devine place visitâ€¦ Temple beautiful peaceful,0.7964
 ' 'Very nice clean temple,0.7245
 ' 'One review temple ever place worship sentimental importance visitors,0.7184
 '' 'Temple nice nd peaceful place,0.7184
 ' 'Neat clean place,0.6908
 clean neat place visit,0.6908
 It neat clean,0.6908
 ' 'It good place administration must look proper steps roof ease devotees hard go proper steps,0.6705
 Temple nice ' ' A visit well maintained Mahalaxmi Temple must,0.5994
 amazing place kolhapur,0.5859
 ' 'The divine spritual place Mata Laxmi,0.5574
 ' 'All wishes come true place,0.5267
 ' `` It 's pleasant descent place visit,0.5106
 Ample space lot devotees special days related Maa Mahalakshmi,0.4939
 place peaceful,0.4939
 Old architecture peaceful environnement,0.4939
 '' ' A peaceful place spend time morning,0.4939
 ' 'Very good place normally they\ 'll let,0.4927
 ' 'Very nice Maha Laxmi Mata temple,0.4754
 Both extremely nice spiritual,0.4754
 Otherwise good scenes reach final location,0.4588
 ' 'this place good kolhapur,0.4404
 nice stay,0.4215
 ' 'Reallyyyy nice experience,0.4215
 You feel bit calmness,0.4019
Clean place,0.4019
 ' 'place like Swarg,0.3612
The temple big staff maintained really well,0.3384
 Fresh vegetables available near temple,0.3182
 ' ' A huge temple complex serpentine queue keeps moving,0.3182
 even u get paid parking ur bike cars also,0.0
 quick entry darshan,0.0
 The location,0.0
km away Dahanu Road station,0.0
 went anyway since famiy religious big time,0.0
 ' 'This place Dahanu Maharashtra,0.0
 years old,0.0
 `` garbh gruh `` aren\'t many people,0.0
