 ' 'One of the best place beautiful sunrise beautiful nature this where you can get peace of mind ' 'Too good,0.9607
 ' 'One of the best place in mahabaleshwar to enjoy wonderful sunrise ' 'Little difficult to reach via car otherwise beautiful place,0.9278
 ' 'Very quiet and peaceful place ' 'Super view and must visit place for nature lover,0.9035
 do yoga and enjoy the forest view ' 'Nothing much here the scenery is good ' 'Beautiful place for watching sunset,0.875
 ' 'Normal point and not that much crowded but nice view ' 'Amazing place during monsoon seasons,0.872
 The experience you going to get by seeing the sun coming out slowly is mesmerising ' `` Great place for the sunrise\r\nU can see a great view\r\nU can go for a morning or evening walk there,0.8481
 This is the the best for the full and beautiful sunrise of Mahabaleshwar,0.8442
 ' 'Amazing view and climate especially in monsoons\r\nFamous fr sunrise and sunset ' 'The sunrise view from this point was awesome,0.836
o clock to witness the beautiful sunrise at Wilson point the roads were pretty dark but the view is worthy advisable to check the route in a day light before you decide to visit the place for sunrise ' 'Wilson Point is the highest point in Mahabaleshwar at,0.8126
 hire riding options\r\n\r\nOnly point to take care when reaching the point is that it ‚Äô s very steep slope and when arriving by vehicle need to take care while going up,0.802
 ' 'If you come to Mahabaleshwar then definately go to this point very ideal location to enjoy and have some snaps,0.7841
 ' 'Serene experience and wonderful view,0.7717
 Enjoy and have fun,0.7579
 Sun-gazing experience from this point was mesmerising with awesome view and cool breeze around,0.7506
 The climate was very nice and enjoyable,0.7397
 can be tricky for cars ' 'Perfect place for watching sunrise üåÑüåÑ ' 'This place is good for sunrise however I feel a little overrated one if you are already used to seeing sunrise,0.7184
 So I am not excited there but the nature is awesome,0.7184
 \r\nAs I really love to visit places with less crowd,0.6697
 holidays '' 'Nice place to trek to,0.6597
 Not much to do there but to enjoy its unique terrain & some hill view,0.6486
 Best time to reach around,0.6486
 is the best time you can have on this point,0.6369
 ' 'Best view of sunrise,0.6369
 Very beautiful view,0.6361
 calm walk is all that this place can offer '' `` Nice place,0.6249
 ' 'This is a great point to see the sunrise,0.6249
 '' 'The sunrise view from this point was awesome and memorable,0.6249
 Can spend hours just sitting here and watching the beautiful view,0.5994
 still could get beautiful view of the place,0.5994
 üòç\r\nWe have such beautiful places to visit in India,0.5994
 The place is big so take your time to get some beautiful pics from all,0.5994
 This place is for sunrise though we visited in after noon and we loved it,0.5994
 you just get to see beautiful scenary,0.5994
 ' `` A beautiful place to visit in Mahabaleshwar,0.5994
 with beautiful scenery,0.5994
 but there is a better road which locals might suggest you,0.5927
 Early morning nature is amazing ‚ù§Ô∏è\r\nRoad is available so Vehicles can go up there,0.5859
 And what to say about mother Nature beauty,0.5859
 The view of Krishna river is excellent from here,0.5719
 Perfect place for photography,0.5719
 definitely worth visiting,0.5574
 Ideal time to reach here would be,0.5423
 transporting you to a world of peace and calm\r\n ' `` Its the bath of sunset,0.5423
 Ideal for a short early morning hike to build up an appetite for breakfast,0.5267
 Horse riding is the only fun activity you can do,0.5106
 We reached a little early and got to a good place,0.5106
 Here you can spend hours and enjoy nature,0.4939
\r\nThere are many vacant places around here where one can enjoy the view of nature,0.4939
 ' 'Decent peaceful place,0.4939
 If you want to visit there do n't expect anything simply see it without assumptions then it will be satisfied,0.4767
 U will get good position to sit and watch this view if u reach little early,0.4588
\r\n '' 'The ride is good and pleasent to get to,0.4404
 Recommended any time of fhe year as this place creates its own beautyscape with passing of the year 's season,0.4404
 ' 'Good place for morning walks,0.4404
 ' 'Good place for couples,0.4404
 Morning sunrise view is good,0.4404
\r\nThere are other better sunset points in mahabaleshwar than Wilson point,0.4404
 ‚ò∫üíöüíö '' 'Nice place to visit for watching sunrise,0.4215
\r\n\r\nThe vast and scenic plateau has three masonry platforms built for your convenience and is the only place that offers stunning views of both sunrise and sunset,0.3818
 This place is quite windy so carry proper clothing to protect yourself from cold winds during winter,0.3818
 '' 'Wilson point is only good to go during rainy season as it is plateau,0.3818
 ' 'Table too like point with,0.3612
I recommend to go on this point by walking from Mahabaleshwar main market its roughly about,0.3612
 AM and it felt like I am in Manali,0.3612
 this place is spread over a huge area unlike other points,0.3182
 '' 'Only sunset point is worth,0.2263
 One can also wander into the lonely places and enjoy the sound of birds,0.1779
 Peas drive safely because the roads are narrow and many blind spots on the way,0.128
 The road is very narrow to reach there,0.0935
 gon na to unexplored Switzer ' 'Good place no shops not so crowded ' 'Beautiful and serene,0.0895
 But still try to reach early as it gets crowded,0.0387
 You can reach there by bike or by car,0.0258
 ' 'Wilson point also known as the sunrise point in Mahabaleshwar\r\n\r\nWoke up at,0.0
 it also offers surreal views of the Mahabaleshwar city below,0.0
 Open space with less crowd,0.0
 must visit if you are looking for a less crowded spot in Mahabaleshwar,0.0
 You should plan for morning at,0.0
 Being the highest point in Mahabaleshwar,0.0
 horse riding and a long,0.0
 am to capture all the shades of sky,0.0
 '' 'Wilson Point is the highest point in Mahabaleshwar,0.0
\r\nNot so far from Mahabaleshwar temple,0.0
 You will be remember Life time,0.0
 Space is not enough to occupy more people however crowd is not there,0.0
 \r\nUnfortunately on my day it was foggy,0.0
 One and treak all the way up if not take an automotive till the destination,0.0
 It was so mesmerising,0.0
 So it was really cloudy there,0.0
 Not a very famous point,0.0
 Highest point where entire valley is viewed,0.0
 But in monsoons and winters,0.0
 Sometimes you get hot tea also,0.0
 viewing stations,0.0
 It was sunset time,0.0
 Full of greenery view,0.0
 I was shivering and able to take pictures properly,0.0
 mins before the sunrise,0.0
 ' 'Traveling there is a bit complicated as roads are narrow and ghat ' `` It 's a Sunrise Point on a hill platue,0.0
 [ [ `` Due to cloud covering we could n't able to see sunrise,0.0
 Horse ride is also available at the location,0.0
 ' 'Looking for sunrise point is Mahabaleshwar ? Your search is over,0.0
 In monsoon,0.0
 You can directly take your bike /car to this point and captured the sunrise directly from your car,0.0
 minutes before sunrise,0.0
 location,0.0
 I expected more so I am disappointed,-0.5635
 some patches of the road are bad,-0.5423
 The road to this point is bad though,-0.5423
 ' 'Views are great\r\nThe access road to this point is in bad condition,-0.5423
 but we could n't see sunrise due to visibility not good,-0.4782
\r\nBe careful while driving as road are not so good during rainy season 's,-0.4574
 Because later on there is too much crowd so can not enjoy Sunrise,-0.4389
 ' ' A bit difficult to reach if you are following google,-0.34
 ' `` there 's nothing special about this place,-0.3089
 No crowd,-0.296
 we went during the rainy time and it was sublime,-0.0772
